GO_ID	ClusterID	ClusterName
GO:0000009	4	Kinases & Transferases
GO:0000014	3	Hydrolases, Phosphatases & Nucleic-Acid-Acting Enzymes
GO:0000026	4	Kinases & Transferases
GO:0000030	4	Kinases & Transferases
GO:0000035	2	DNA/RNA Binding & Polymerase Activity
GO:0000036	2	DNA/RNA Binding & Polymerase Activity
GO:0000049	2	DNA/RNA Binding & Polymerase Activity
GO:0000062	2	DNA/RNA Binding & Polymerase Activity
GO:0000095	6	Transporter & Channel Activity
GO:0000104	5	Oxidoreductase, Synthase & Ligase Activity
GO:0000146	0	Transcription Regulator & Modulator Activity
GO:0000149	2	DNA/RNA Binding & Polymerase Activity
GO:0000150	3	Hydrolases, Phosphatases & Nucleic-Acid-Acting Enzymes
GO:0000166	2	DNA/RNA Binding & Polymerase Activity
GO:0000171	3	Hydrolases, Phosphatases & Nucleic-Acid-Acting Enzymes
GO:0000175	3	Hydrolases, Phosphatases & Nucleic-Acid-Acting Enzymes
GO:0000179	4	Kinases & Transferases
GO:0000182	2	DNA/RNA Binding & Polymerase Activity
GO:0000213	3	Hydrolases, Phosphatases & Nucleic-Acid-Acting Enzymes
GO:0000225	3	Hydrolases, Phosphatases & Nucleic-Acid-Acting Enzymes
GO:0000234	4	Kinases & Transferases
GO:0000285	4	Kinases & Transferases
GO:0000287	2	DNA/RNA Binding & Polymerase Activity
GO:0000309	4	Kinases & Transferases
GO:0000339	2	DNA/RNA Binding & Polymerase Activity
GO:0000340	2	DNA/RNA Binding & Polymerase Activity
GO:0000386	3	Hydrolases, Phosphatases & Nucleic-Acid-Acting Enzymes
GO:0000400	2	DNA/RNA Binding & Polymerase Activity
GO:0000406	2	DNA/RNA Binding & Polymerase Activity
GO:0000701	3	Hydrolases, Phosphatases & Nucleic-Acid-Acting Enzymes
GO:0000703	3	Hydrolases, Phosphatases & Nucleic-Acid-Acting Enzymes
GO:0000774	0	Transcription Regulator & Modulator Activity
GO:0000822	2	DNA/RNA Binding & Polymerase Activity
GO:0000823	4	Kinases & Transferases
GO:0000827	4	Kinases & Transferases
GO:0000828	4	Kinases & Transferases
GO:0000829	4	Kinases & Transferases
GO:0000832	4	Kinases & Transferases
GO:0000900	2	DNA/RNA Binding & Polymerase Activity
GO:0000976	2	DNA/RNA Binding & Polymerase Activity
GO:0000977	2	DNA/RNA Binding & Polymerase Activity
GO:0000978	2	DNA/RNA Binding & Polymerase Activity
GO:0000979	2	DNA/RNA Binding & Polymerase Activity
GO:0000981	0	Transcription Regulator & Modulator Activity
GO:0000993	2	DNA/RNA Binding & Polymerase Activity
GO:0000994	2	DNA/RNA Binding & Polymerase Activity
GO:0000995	0	Transcription Regulator & Modulator Activity
GO:0001006	2	DNA/RNA Binding & Polymerase Activity
GO:0001054	4	Kinases & Transferases
GO:0001055	4	Kinases & Transferases
GO:0001056	4	Kinases & Transferases
GO:0001139	2	DNA/RNA Binding & Polymerase Activity
GO:0001164	2	DNA/RNA Binding & Polymerase Activity
GO:0001181	0	Transcription Regulator & Modulator Activity
GO:0001216	0	Transcription Regulator & Modulator Activity
GO:0001217	0	Transcription Regulator & Modulator Activity
GO:0001228	0	Transcription Regulator & Modulator Activity
GO:0001671	0	Transcription Regulator & Modulator Activity
GO:0001734	4	Kinases & Transferases
GO:0001786	2	DNA/RNA Binding & Polymerase Activity
GO:0001791	2	DNA/RNA Binding & Polymerase Activity
GO:0002020	2	DNA/RNA Binding & Polymerase Activity
GO:0002094	4	Kinases & Transferases
GO:0002161	3	Hydrolases, Phosphatases & Nucleic-Acid-Acting Enzymes
GO:0003676	2	DNA/RNA Binding & Polymerase Activity
GO:0003677	2	DNA/RNA Binding & Polymerase Activity
GO:0003678	3	Hydrolases, Phosphatases & Nucleic-Acid-Acting Enzymes
GO:0003680	2	DNA/RNA Binding & Polymerase Activity
GO:0003681	2	DNA/RNA Binding & Polymerase Activity
GO:0003682	2	DNA/RNA Binding & Polymerase Activity
GO:0003684	2	DNA/RNA Binding & Polymerase Activity
GO:0003688	2	DNA/RNA Binding & Polymerase Activity
GO:0003689	3	Hydrolases, Phosphatases & Nucleic-Acid-Acting Enzymes
GO:0003690	2	DNA/RNA Binding & Polymerase Activity
GO:0003691	2	DNA/RNA Binding & Polymerase Activity
GO:0003697	2	DNA/RNA Binding & Polymerase Activity
GO:0003700	0	Transcription Regulator & Modulator Activity
GO:0003711	0	Transcription Regulator & Modulator Activity
GO:0003712	0	Transcription Regulator & Modulator Activity
GO:0003713	0	Transcription Regulator & Modulator Activity
GO:0003714	0	Transcription Regulator & Modulator Activity
GO:0003723	2	DNA/RNA Binding & Polymerase Activity
GO:0003724	3	Hydrolases, Phosphatases & Nucleic-Acid-Acting Enzymes
GO:0003725	2	DNA/RNA Binding & Polymerase Activity
GO:0003727	2	DNA/RNA Binding & Polymerase Activity
GO:0003729	2	DNA/RNA Binding & Polymerase Activity
GO:0003730	2	DNA/RNA Binding & Polymerase Activity
GO:0003735	0	Transcription Regulator & Modulator Activity
GO:0003743	2	DNA/RNA Binding & Polymerase Activity
GO:0003746	2	DNA/RNA Binding & Polymerase Activity
GO:0003747	2	DNA/RNA Binding & Polymerase Activity
GO:0003755	1	Acyl/Acetyl/Methyltransferase Activity
GO:0003756	1	Acyl/Acetyl/Methyltransferase Activity
GO:0003774	0	Transcription Regulator & Modulator Activity
GO:0003777	0	Transcription Regulator & Modulator Activity
GO:0003779	2	DNA/RNA Binding & Polymerase Activity
GO:0003785	2	DNA/RNA Binding & Polymerase Activity
GO:0003823	2	DNA/RNA Binding & Polymerase Activity
GO:0003824	5	Oxidoreductase, Synthase & Ligase Activity
GO:0003826	5	Oxidoreductase, Synthase & Ligase Activity
GO:0003841	1	Acyl/Acetyl/Methyltransferase Activity
GO:0003848	4	Kinases & Transferases
GO:0003855	5	Oxidoreductase, Synthase & Ligase Activity
GO:0003856	5	Oxidoreductase, Synthase & Ligase Activity
GO:0003857	5	Oxidoreductase, Synthase & Ligase Activity
GO:0003860	3	Hydrolases, Phosphatases & Nucleic-Acid-Acting Enzymes
GO:0003863	5	Oxidoreductase, Synthase & Ligase Activity
GO:0003865	5	Oxidoreductase, Synthase & Ligase Activity
GO:0003866	4	Kinases & Transferases
GO:0003870	1	Acyl/Acetyl/Methyltransferase Activity
GO:0003872	4	Kinases & Transferases
GO:0003874	5	Oxidoreductase, Synthase & Ligase Activity
GO:0003876	3	Hydrolases, Phosphatases & Nucleic-Acid-Acting Enzymes
GO:0003878	1	Acyl/Acetyl/Methyltransferase Activity
GO:0003881	4	Kinases & Transferases
GO:0003882	4	Kinases & Transferases
GO:0003883	5	Oxidoreductase, Synthase & Ligase Activity
GO:0003886	4	Kinases & Transferases
GO:0003887	4	Kinases & Transferases
GO:0003896	4	Kinases & Transferases
GO:0003899	4	Kinases & Transferases
GO:0003904	3	Hydrolases, Phosphatases & Nucleic-Acid-Acting Enzymes
GO:0003905	3	Hydrolases, Phosphatases & Nucleic-Acid-Acting Enzymes
GO:0003906	3	Hydrolases, Phosphatases & Nucleic-Acid-Acting Enzymes
GO:0003909	3	Hydrolases, Phosphatases & Nucleic-Acid-Acting Enzymes
GO:0003910	3	Hydrolases, Phosphatases & Nucleic-Acid-Acting Enzymes
GO:0003916	3	Hydrolases, Phosphatases & Nucleic-Acid-Acting Enzymes
GO:0003917	3	Hydrolases, Phosphatases & Nucleic-Acid-Acting Enzymes
GO:0003918	3	Hydrolases, Phosphatases & Nucleic-Acid-Acting Enzymes
GO:0003919	4	Kinases & Transferases
GO:0003921	5	Oxidoreductase, Synthase & Ligase Activity
GO:0003922	5	Oxidoreductase, Synthase & Ligase Activity
GO:0003923	3	Hydrolases, Phosphatases & Nucleic-Acid-Acting Enzymes
GO:0003924	3	Hydrolases, Phosphatases & Nucleic-Acid-Acting Enzymes
GO:0003925	3	Hydrolases, Phosphatases & Nucleic-Acid-Acting Enzymes
GO:0003934	3	Hydrolases, Phosphatases & Nucleic-Acid-Acting Enzymes
GO:0003938	5	Oxidoreductase, Synthase & Ligase Activity
GO:0003951	4	Kinases & Transferases
GO:0003952	5	Oxidoreductase, Synthase & Ligase Activity
GO:0003954	5	Oxidoreductase, Synthase & Ligase Activity
GO:0003958	5	Oxidoreductase, Synthase & Ligase Activity
GO:0003959	5	Oxidoreductase, Synthase & Ligase Activity
GO:0003960	5	Oxidoreductase, Synthase & Ligase Activity
GO:0003963	3	Hydrolases, Phosphatases & Nucleic-Acid-Acting Enzymes
GO:0003964	4	Kinases & Transferases
GO:0003968	4	Kinases & Transferases
GO:0003972	3	Hydrolases, Phosphatases & Nucleic-Acid-Acting Enzymes
GO:0003975	4	Kinases & Transferases
GO:0003977	4	Kinases & Transferases
GO:0003983	4	Kinases & Transferases
GO:0003985	1	Acyl/Acetyl/Methyltransferase Activity
GO:0003987	5	Oxidoreductase, Synthase & Ligase Activity
GO:0003988	1	Acyl/Acetyl/Methyltransferase Activity
GO:0003989	5	Oxidoreductase, Synthase & Ligase Activity
GO:0003993	3	Hydrolases, Phosphatases & Nucleic-Acid-Acting Enzymes
GO:0003994	5	Oxidoreductase, Synthase & Ligase Activity
GO:0003998	3	Hydrolases, Phosphatases & Nucleic-Acid-Acting Enzymes
GO:0004000	3	Hydrolases, Phosphatases & Nucleic-Acid-Acting Enzymes
GO:0004013	3	Hydrolases, Phosphatases & Nucleic-Acid-Acting Enzymes
GO:0004014	5	Oxidoreductase, Synthase & Ligase Activity
GO:0004016	5	Oxidoreductase, Synthase & Ligase Activity
GO:0004017	4	Kinases & Transferases
GO:0004018	5	Oxidoreductase, Synthase & Ligase Activity
GO:0004019	5	Oxidoreductase, Synthase & Ligase Activity
GO:0004032	5	Oxidoreductase, Synthase & Ligase Activity
GO:0004033	5	Oxidoreductase, Synthase & Ligase Activity
GO:0004035	3	Hydrolases, Phosphatases & Nucleic-Acid-Acting Enzymes
GO:0004037	3	Hydrolases, Phosphatases & Nucleic-Acid-Acting Enzymes
GO:0004040	3	Hydrolases, Phosphatases & Nucleic-Acid-Acting Enzymes
GO:0004042	1	Acyl/Acetyl/Methyltransferase Activity
GO:0004045	3	Hydrolases, Phosphatases & Nucleic-Acid-Acting Enzymes
GO:0004047	4	Kinases & Transferases
GO:0004049	5	Oxidoreductase, Synthase & Ligase Activity
GO:0004053	3	Hydrolases, Phosphatases & Nucleic-Acid-Acting Enzymes
GO:0004057	1	Acyl/Acetyl/Methyltransferase Activity
GO:0004066	5	Oxidoreductase, Synthase & Ligase Activity
GO:0004069	4	Kinases & Transferases
GO:0004070	4	Kinases & Transferases
GO:0004075	5	Oxidoreductase, Synthase & Ligase Activity
GO:0004077	1	Acyl/Acetyl/Methyltransferase Activity
GO:0004081	3	Hydrolases, Phosphatases & Nucleic-Acid-Acting Enzymes
GO:0004084	4	Kinases & Transferases
GO:0004087	5	Oxidoreductase, Synthase & Ligase Activity
GO:0004088	5	Oxidoreductase, Synthase & Ligase Activity
GO:0004089	5	Oxidoreductase, Synthase & Ligase Activity
GO:0004103	4	Kinases & Transferases
GO:0004105	4	Kinases & Transferases
GO:0004107	5	Oxidoreductase, Synthase & Ligase Activity
GO:0004108	1	Acyl/Acetyl/Methyltransferase Activity
GO:0004109	5	Oxidoreductase, Synthase & Ligase Activity
GO:0004114	3	Hydrolases, Phosphatases & Nucleic-Acid-Acting Enzymes
GO:0004115	3	Hydrolases, Phosphatases & Nucleic-Acid-Acting Enzymes
GO:0004117	3	Hydrolases, Phosphatases & Nucleic-Acid-Acting Enzymes
GO:0004123	5	Oxidoreductase, Synthase & Ligase Activity
GO:0004126	3	Hydrolases, Phosphatases & Nucleic-Acid-Acting Enzymes
GO:0004127	4	Kinases & Transferases
GO:0004128	5	Oxidoreductase, Synthase & Ligase Activity
GO:0004129	6	Transporter & Channel Activity
GO:0004139	5	Oxidoreductase, Synthase & Ligase Activity
GO:0004140	4	Kinases & Transferases
GO:0004142	4	Kinases & Transferases
GO:0004143	4	Kinases & Transferases
GO:0004144	1	Acyl/Acetyl/Methyltransferase Activity
GO:0004146	5	Oxidoreductase, Synthase & Ligase Activity
GO:0004148	5	Oxidoreductase, Synthase & Ligase Activity
GO:0004149	1	Acyl/Acetyl/Methyltransferase Activity
GO:0004151	3	Hydrolases, Phosphatases & Nucleic-Acid-Acting Enzymes
GO:0004152	5	Oxidoreductase, Synthase & Ligase Activity
GO:0004156	4	Kinases & Transferases
GO:0004161	4	Kinases & Transferases
GO:0004164	1	Acyl/Acetyl/Methyltransferase Activity
GO:0004168	4	Kinases & Transferases
GO:0004169	1	Acyl/Acetyl/Methyltransferase Activity
GO:0004170	3	Hydrolases, Phosphatases & Nucleic-Acid-Acting Enzymes
GO:0004175	3	Hydrolases, Phosphatases & Nucleic-Acid-Acting Enzymes
GO:0004176	3	Hydrolases, Phosphatases & Nucleic-Acid-Acting Enzymes
GO:0004177	3	Hydrolases, Phosphatases & Nucleic-Acid-Acting Enzymes
GO:0004180	3	Hydrolases, Phosphatases & Nucleic-Acid-Acting Enzymes
GO:0004181	3	Hydrolases, Phosphatases & Nucleic-Acid-Acting Enzymes
GO:0004190	3	Hydrolases, Phosphatases & Nucleic-Acid-Acting Enzymes
GO:0004197	3	Hydrolases, Phosphatases & Nucleic-Acid-Acting Enzymes
GO:0004198	3	Hydrolases, Phosphatases & Nucleic-Acid-Acting Enzymes
GO:0004222	3	Hydrolases, Phosphatases & Nucleic-Acid-Acting Enzymes
GO:0004239	3	Hydrolases, Phosphatases & Nucleic-Acid-Acting Enzymes
GO:0004252	3	Hydrolases, Phosphatases & Nucleic-Acid-Acting Enzymes
GO:0004298	3	Hydrolases, Phosphatases & Nucleic-Acid-Acting Enzymes
GO:0004300	5	Oxidoreductase, Synthase & Ligase Activity
GO:0004301	3	Hydrolases, Phosphatases & Nucleic-Acid-Acting Enzymes
GO:0004305	4	Kinases & Transferases
GO:0004306	4	Kinases & Transferases
GO:0004307	4	Kinases & Transferases
GO:0004309	3	Hydrolases, Phosphatases & Nucleic-Acid-Acting Enzymes
GO:0004311	4	Kinases & Transferases
GO:0004312	1	Acyl/Acetyl/Methyltransferase Activity
GO:0004314	1	Acyl/Acetyl/Methyltransferase Activity
GO:0004315	1	Acyl/Acetyl/Methyltransferase Activity
GO:0004316	5	Oxidoreductase, Synthase & Ligase Activity
GO:0004318	5	Oxidoreductase, Synthase & Ligase Activity
GO:0004324	5	Oxidoreductase, Synthase & Ligase Activity
GO:0004325	5	Oxidoreductase, Synthase & Ligase Activity
GO:0004326	5	Oxidoreductase, Synthase & Ligase Activity
GO:0004332	5	Oxidoreductase, Synthase & Ligase Activity
GO:0004333	5	Oxidoreductase, Synthase & Ligase Activity
GO:0004337	4	Kinases & Transferases
GO:0004340	4	Kinases & Transferases
GO:0004342	3	Hydrolases, Phosphatases & Nucleic-Acid-Acting Enzymes
GO:0004343	1	Acyl/Acetyl/Methyltransferase Activity
GO:0004345	5	Oxidoreductase, Synthase & Ligase Activity
GO:0004347	5	Oxidoreductase, Synthase & Ligase Activity
GO:0004352	5	Oxidoreductase, Synthase & Ligase Activity
GO:0004354	5	Oxidoreductase, Synthase & Ligase Activity
GO:0004356	5	Oxidoreductase, Synthase & Ligase Activity
GO:0004357	5	Oxidoreductase, Synthase & Ligase Activity
GO:0004359	3	Hydrolases, Phosphatases & Nucleic-Acid-Acting Enzymes
GO:0004360	4	Kinases & Transferases
GO:0004362	5	Oxidoreductase, Synthase & Ligase Activity
GO:0004363	5	Oxidoreductase, Synthase & Ligase Activity
GO:0004364	4	Kinases & Transferases
GO:0004365	5	Oxidoreductase, Synthase & Ligase Activity
GO:0004366	1	Acyl/Acetyl/Methyltransferase Activity
GO:0004367	5	Oxidoreductase, Synthase & Ligase Activity
GO:0004368	5	Oxidoreductase, Synthase & Ligase Activity
GO:0004370	4	Kinases & Transferases
GO:0004372	4	Kinases & Transferases
GO:0004376	4	Kinases & Transferases
GO:0004379	1	Acyl/Acetyl/Methyltransferase Activity
GO:0004383	5	Oxidoreductase, Synthase & Ligase Activity
GO:0004385	4	Kinases & Transferases
GO:0004386	3	Hydrolases, Phosphatases & Nucleic-Acid-Acting Enzymes
GO:0004392	5	Oxidoreductase, Synthase & Ligase Activity
GO:0004396	4	Kinases & Transferases
GO:0004402	1	Acyl/Acetyl/Methyltransferase Activity
GO:0004407	3	Hydrolases, Phosphatases & Nucleic-Acid-Acting Enzymes
GO:0004408	5	Oxidoreductase, Synthase & Ligase Activity
GO:0004416	3	Hydrolases, Phosphatases & Nucleic-Acid-Acting Enzymes
GO:0004417	4	Kinases & Transferases
GO:0004418	4	Kinases & Transferases
GO:0004422	4	Kinases & Transferases
GO:0004425	5	Oxidoreductase, Synthase & Ligase Activity
GO:0004427	3	Hydrolases, Phosphatases & Nucleic-Acid-Acting Enzymes
GO:0004430	4	Kinases & Transferases
GO:0004435	3	Hydrolases, Phosphatases & Nucleic-Acid-Acting Enzymes
GO:0004438	3	Hydrolases, Phosphatases & Nucleic-Acid-Acting Enzymes
GO:0004439	3	Hydrolases, Phosphatases & Nucleic-Acid-Acting Enzymes
GO:0004445	3	Hydrolases, Phosphatases & Nucleic-Acid-Acting Enzymes
GO:0004450	5	Oxidoreductase, Synthase & Ligase Activity
GO:0004459	5	Oxidoreductase, Synthase & Ligase Activity
GO:0004462	5	Oxidoreductase, Synthase & Ligase Activity
GO:0004467	5	Oxidoreductase, Synthase & Ligase Activity
GO:0004475	4	Kinases & Transferases
GO:0004476	5	Oxidoreductase, Synthase & Ligase Activity
GO:0004477	3	Hydrolases, Phosphatases & Nucleic-Acid-Acting Enzymes
GO:0004478	4	Kinases & Transferases
GO:0004479	4	Kinases & Transferases
GO:0004482	4	Kinases & Transferases
GO:0004483	4	Kinases & Transferases
GO:0004484	4	Kinases & Transferases
GO:0004488	5	Oxidoreductase, Synthase & Ligase Activity
GO:0004497	5	Oxidoreductase, Synthase & Ligase Activity
GO:0004499	5	Oxidoreductase, Synthase & Ligase Activity
GO:0004512	5	Oxidoreductase, Synthase & Ligase Activity
GO:0004514	4	Kinases & Transferases
GO:0004515	4	Kinases & Transferases
GO:0004516	5	Oxidoreductase, Synthase & Ligase Activity
GO:0004517	5	Oxidoreductase, Synthase & Ligase Activity
GO:0004518	3	Hydrolases, Phosphatases & Nucleic-Acid-Acting Enzymes
GO:0004519	3	Hydrolases, Phosphatases & Nucleic-Acid-Acting Enzymes
GO:0004520	3	Hydrolases, Phosphatases & Nucleic-Acid-Acting Enzymes
GO:0004521	3	Hydrolases, Phosphatases & Nucleic-Acid-Acting Enzymes
GO:0004522	3	Hydrolases, Phosphatases & Nucleic-Acid-Acting Enzymes
GO:0004523	3	Hydrolases, Phosphatases & Nucleic-Acid-Acting Enzymes
GO:0004525	3	Hydrolases, Phosphatases & Nucleic-Acid-Acting Enzymes
GO:0004526	3	Hydrolases, Phosphatases & Nucleic-Acid-Acting Enzymes
GO:0004527	3	Hydrolases, Phosphatases & Nucleic-Acid-Acting Enzymes
GO:0004528	3	Hydrolases, Phosphatases & Nucleic-Acid-Acting Enzymes
GO:0004530	3	Hydrolases, Phosphatases & Nucleic-Acid-Acting Enzymes
GO:0004532	3	Hydrolases, Phosphatases & Nucleic-Acid-Acting Enzymes
GO:0004534	3	Hydrolases, Phosphatases & Nucleic-Acid-Acting Enzymes
GO:0004535	3	Hydrolases, Phosphatases & Nucleic-Acid-Acting Enzymes
GO:0004536	3	Hydrolases, Phosphatases & Nucleic-Acid-Acting Enzymes
GO:0004540	3	Hydrolases, Phosphatases & Nucleic-Acid-Acting Enzymes
GO:0004550	4	Kinases & Transferases
GO:0004553	3	Hydrolases, Phosphatases & Nucleic-Acid-Acting Enzymes
GO:0004568	3	Hydrolases, Phosphatases & Nucleic-Acid-Acting Enzymes
GO:0004576	4	Kinases & Transferases
GO:0004577	4	Kinases & Transferases
GO:0004579	4	Kinases & Transferases
GO:0004582	4	Kinases & Transferases
GO:0004585	4	Kinases & Transferases
GO:0004586	5	Oxidoreductase, Synthase & Ligase Activity
GO:0004587	4	Kinases & Transferases
GO:0004588	4	Kinases & Transferases
GO:0004590	5	Oxidoreductase, Synthase & Ligase Activity
GO:0004591	5	Oxidoreductase, Synthase & Ligase Activity
GO:0004594	4	Kinases & Transferases
GO:0004595	4	Kinases & Transferases
GO:0004596	1	Acyl/Acetyl/Methyltransferase Activity
GO:0004601	5	Oxidoreductase, Synthase & Ligase Activity
GO:0004602	5	Oxidoreductase, Synthase & Ligase Activity
GO:0004605	4	Kinases & Transferases
GO:0004607	1	Acyl/Acetyl/Methyltransferase Activity
GO:0004609	5	Oxidoreductase, Synthase & Ligase Activity
GO:0004610	5	Oxidoreductase, Synthase & Ligase Activity
GO:0004611	5	Oxidoreductase, Synthase & Ligase Activity
GO:0004612	5	Oxidoreductase, Synthase & Ligase Activity
GO:0004614	5	Oxidoreductase, Synthase & Ligase Activity
GO:0004615	5	Oxidoreductase, Synthase & Ligase Activity
GO:0004616	5	Oxidoreductase, Synthase & Ligase Activity
GO:0004618	4	Kinases & Transferases
GO:0004619	5	Oxidoreductase, Synthase & Ligase Activity
GO:0004620	3	Hydrolases, Phosphatases & Nucleic-Acid-Acting Enzymes
GO:0004622	3	Hydrolases, Phosphatases & Nucleic-Acid-Acting Enzymes
GO:0004623	3	Hydrolases, Phosphatases & Nucleic-Acid-Acting Enzymes
GO:0004629	3	Hydrolases, Phosphatases & Nucleic-Acid-Acting Enzymes
GO:0004632	5	Oxidoreductase, Synthase & Ligase Activity
GO:0004633	5	Oxidoreductase, Synthase & Ligase Activity
GO:0004634	5	Oxidoreductase, Synthase & Ligase Activity
GO:0004651	3	Hydrolases, Phosphatases & Nucleic-Acid-Acting Enzymes
GO:0004655	5	Oxidoreductase, Synthase & Ligase Activity
GO:0004656	5	Oxidoreductase, Synthase & Ligase Activity
GO:0004659	4	Kinases & Transferases
GO:0004660	1	Acyl/Acetyl/Methyltransferase Activity
GO:0004661	1	Acyl/Acetyl/Methyltransferase Activity
GO:0004663	1	Acyl/Acetyl/Methyltransferase Activity
GO:0004671	1	Acyl/Acetyl/Methyltransferase Activity
GO:0004672	4	Kinases & Transferases
GO:0004674	4	Kinases & Transferases
GO:0004679	4	Kinases & Transferases
GO:0004683	4	Kinases & Transferases
GO:0004686	4	Kinases & Transferases
GO:0004691	4	Kinases & Transferases
GO:0004692	4	Kinases & Transferases
GO:0004693	4	Kinases & Transferases
GO:0004694	4	Kinases & Transferases
GO:0004707	4	Kinases & Transferases
GO:0004708	4	Kinases & Transferases
GO:0004712	4	Kinases & Transferases
GO:0004713	4	Kinases & Transferases
GO:0004715	4	Kinases & Transferases
GO:0004719	1	Acyl/Acetyl/Methyltransferase Activity
GO:0004721	3	Hydrolases, Phosphatases & Nucleic-Acid-Acting Enzymes
GO:0004722	3	Hydrolases, Phosphatases & Nucleic-Acid-Acting Enzymes
GO:0004723	3	Hydrolases, Phosphatases & Nucleic-Acid-Acting Enzymes
GO:0004724	3	Hydrolases, Phosphatases & Nucleic-Acid-Acting Enzymes
GO:0004725	3	Hydrolases, Phosphatases & Nucleic-Acid-Acting Enzymes
GO:0004729	5	Oxidoreductase, Synthase & Ligase Activity
GO:0004730	5	Oxidoreductase, Synthase & Ligase Activity
GO:0004731	4	Kinases & Transferases
GO:0004735	5	Oxidoreductase, Synthase & Ligase Activity
GO:0004739	5	Oxidoreductase, Synthase & Ligase Activity
GO:0004742	1	Acyl/Acetyl/Methyltransferase Activity
GO:0004743	4	Kinases & Transferases
GO:0004748	5	Oxidoreductase, Synthase & Ligase Activity
GO:0004749	4	Kinases & Transferases
GO:0004750	5	Oxidoreductase, Synthase & Ligase Activity
GO:0004751	5	Oxidoreductase, Synthase & Ligase Activity
GO:0004756	4	Kinases & Transferases
GO:0004758	1	Acyl/Acetyl/Methyltransferase Activity
GO:0004764	5	Oxidoreductase, Synthase & Ligase Activity
GO:0004765	4	Kinases & Transferases
GO:0004766	4	Kinases & Transferases
GO:0004767	3	Hydrolases, Phosphatases & Nucleic-Acid-Acting Enzymes
GO:0004768	5	Oxidoreductase, Synthase & Ligase Activity
GO:0004771	3	Hydrolases, Phosphatases & Nucleic-Acid-Acting Enzymes
GO:0004775	5	Oxidoreductase, Synthase & Ligase Activity
GO:0004776	5	Oxidoreductase, Synthase & Ligase Activity
GO:0004784	5	Oxidoreductase, Synthase & Ligase Activity
GO:0004788	4	Kinases & Transferases
GO:0004789	4	Kinases & Transferases
GO:0004791	5	Oxidoreductase, Synthase & Ligase Activity
GO:0004792	4	Kinases & Transferases
GO:0004798	4	Kinases & Transferases
GO:0004799	4	Kinases & Transferases
GO:0004802	4	Kinases & Transferases
GO:0004806	3	Hydrolases, Phosphatases & Nucleic-Acid-Acting Enzymes
GO:0004807	5	Oxidoreductase, Synthase & Ligase Activity
GO:0004808	4	Kinases & Transferases
GO:0004810	4	Kinases & Transferases
GO:0004812	3	Hydrolases, Phosphatases & Nucleic-Acid-Acting Enzymes
GO:0004813	3	Hydrolases, Phosphatases & Nucleic-Acid-Acting Enzymes
GO:0004814	3	Hydrolases, Phosphatases & Nucleic-Acid-Acting Enzymes
GO:0004815	3	Hydrolases, Phosphatases & Nucleic-Acid-Acting Enzymes
GO:0004816	3	Hydrolases, Phosphatases & Nucleic-Acid-Acting Enzymes
GO:0004817	3	Hydrolases, Phosphatases & Nucleic-Acid-Acting Enzymes
GO:0004818	3	Hydrolases, Phosphatases & Nucleic-Acid-Acting Enzymes
GO:0004819	3	Hydrolases, Phosphatases & Nucleic-Acid-Acting Enzymes
GO:0004820	3	Hydrolases, Phosphatases & Nucleic-Acid-Acting Enzymes
GO:0004821	3	Hydrolases, Phosphatases & Nucleic-Acid-Acting Enzymes
GO:0004822	3	Hydrolases, Phosphatases & Nucleic-Acid-Acting Enzymes
GO:0004823	3	Hydrolases, Phosphatases & Nucleic-Acid-Acting Enzymes
GO:0004824	3	Hydrolases, Phosphatases & Nucleic-Acid-Acting Enzymes
GO:0004825	3	Hydrolases, Phosphatases & Nucleic-Acid-Acting Enzymes
GO:0004826	3	Hydrolases, Phosphatases & Nucleic-Acid-Acting Enzymes
GO:0004827	3	Hydrolases, Phosphatases & Nucleic-Acid-Acting Enzymes
GO:0004828	3	Hydrolases, Phosphatases & Nucleic-Acid-Acting Enzymes
GO:0004829	3	Hydrolases, Phosphatases & Nucleic-Acid-Acting Enzymes
GO:0004830	3	Hydrolases, Phosphatases & Nucleic-Acid-Acting Enzymes
GO:0004831	3	Hydrolases, Phosphatases & Nucleic-Acid-Acting Enzymes
GO:0004832	3	Hydrolases, Phosphatases & Nucleic-Acid-Acting Enzymes
GO:0004835	1	Acyl/Acetyl/Methyltransferase Activity
GO:0004839	1	Acyl/Acetyl/Methyltransferase Activity
GO:0004842	1	Acyl/Acetyl/Methyltransferase Activity
GO:0004843	3	Hydrolases, Phosphatases & Nucleic-Acid-Acting Enzymes
GO:0004844	3	Hydrolases, Phosphatases & Nucleic-Acid-Acting Enzymes
GO:0004849	4	Kinases & Transferases
GO:0004850	4	Kinases & Transferases
GO:0004852	5	Oxidoreductase, Synthase & Ligase Activity
GO:0004853	5	Oxidoreductase, Synthase & Ligase Activity
GO:0004860	0	Transcription Regulator & Modulator Activity
GO:0004864	0	Transcription Regulator & Modulator Activity
GO:0004865	0	Transcription Regulator & Modulator Activity
GO:0004866	0	Transcription Regulator & Modulator Activity
GO:0004867	0	Transcription Regulator & Modulator Activity
GO:0004869	0	Transcription Regulator & Modulator Activity
GO:0004888	0	Transcription Regulator & Modulator Activity
GO:0004930	0	Transcription Regulator & Modulator Activity
GO:0005044	0	Transcription Regulator & Modulator Activity
GO:0005046	2	DNA/RNA Binding & Polymerase Activity
GO:0005047	2	DNA/RNA Binding & Polymerase Activity
GO:0005048	2	DNA/RNA Binding & Polymerase Activity
GO:0005049	0	Transcription Regulator & Modulator Activity
GO:0005080	2	DNA/RNA Binding & Polymerase Activity
GO:0005085	0	Transcription Regulator & Modulator Activity
GO:0005092	0	Transcription Regulator & Modulator Activity
GO:0005093	0	Transcription Regulator & Modulator Activity
GO:0005096	0	Transcription Regulator & Modulator Activity
GO:0005125	2	DNA/RNA Binding & Polymerase Activity
GO:0005178	2	DNA/RNA Binding & Polymerase Activity
GO:0005198	0	Transcription Regulator & Modulator Activity
GO:0005200	0	Transcription Regulator & Modulator Activity
GO:0005201	0	Transcription Regulator & Modulator Activity
GO:0005215	6	Transporter & Channel Activity
GO:0005227	6	Transporter & Channel Activity
GO:0005249	6	Transporter & Channel Activity
GO:0005253	6	Transporter & Channel Activity
GO:0005262	6	Transporter & Channel Activity
GO:0005267	6	Transporter & Channel Activity
GO:0005310	6	Transporter & Channel Activity
GO:0005315	6	Transporter & Channel Activity
GO:0005319	6	Transporter & Channel Activity
GO:0005324	6	Transporter & Channel Activity
GO:0005328	6	Transporter & Channel Activity
GO:0005337	6	Transporter & Channel Activity
GO:0005338	6	Transporter & Channel Activity
GO:0005344	0	Transcription Regulator & Modulator Activity
GO:0005345	6	Transporter & Channel Activity
GO:0005347	6	Transporter & Channel Activity
GO:0005351	6	Transporter & Channel Activity
GO:0005353	6	Transporter & Channel Activity
GO:0005371	6	Transporter & Channel Activity
GO:0005375	6	Transporter & Channel Activity
GO:0005381	6	Transporter & Channel Activity
GO:0005384	6	Transporter & Channel Activity
GO:0005385	6	Transporter & Channel Activity
GO:0005388	6	Transporter & Channel Activity
GO:0005457	6	Transporter & Channel Activity
GO:0005459	6	Transporter & Channel Activity
GO:0005460	6	Transporter & Channel Activity
GO:0005471	6	Transporter & Channel Activity
GO:0005483	0	Transcription Regulator & Modulator Activity
GO:0005484	0	Transcription Regulator & Modulator Activity
GO:0005488	2	DNA/RNA Binding & Polymerase Activity
GO:0005504	2	DNA/RNA Binding & Polymerase Activity
GO:0005506	2	DNA/RNA Binding & Polymerase Activity
GO:0005507	2	DNA/RNA Binding & Polymerase Activity
GO:0005509	2	DNA/RNA Binding & Polymerase Activity
GO:0005515	2	DNA/RNA Binding & Polymerase Activity
GO:0005516	2	DNA/RNA Binding & Polymerase Activity
GO:0005524	2	DNA/RNA Binding & Polymerase Activity
GO:0005525	2	DNA/RNA Binding & Polymerase Activity
GO:0005528	2	DNA/RNA Binding & Polymerase Activity
GO:0005536	2	DNA/RNA Binding & Polymerase Activity
GO:0005537	2	DNA/RNA Binding & Polymerase Activity
GO:0005543	2	DNA/RNA Binding & Polymerase Activity
GO:0005544	2	DNA/RNA Binding & Polymerase Activity
GO:0005546	2	DNA/RNA Binding & Polymerase Activity
GO:0005548	6	Transporter & Channel Activity
GO:0008017	2	DNA/RNA Binding & Polymerase Activity
GO:0008028	6	Transporter & Channel Activity
GO:0008047	0	Transcription Regulator & Modulator Activity
GO:0008061	2	DNA/RNA Binding & Polymerase Activity
GO:0008080	1	Acyl/Acetyl/Methyltransferase Activity
GO:0008081	3	Hydrolases, Phosphatases & Nucleic-Acid-Acting Enzymes
GO:0008083	2	DNA/RNA Binding & Polymerase Activity
GO:0008092	2	DNA/RNA Binding & Polymerase Activity
GO:0008094	3	Hydrolases, Phosphatases & Nucleic-Acid-Acting Enzymes
GO:0008097	2	DNA/RNA Binding & Polymerase Activity
GO:0008106	5	Oxidoreductase, Synthase & Ligase Activity
GO:0008121	6	Transporter & Channel Activity
GO:0008124	5	Oxidoreductase, Synthase & Ligase Activity
GO:0008134	2	DNA/RNA Binding & Polymerase Activity
GO:0008135	2	DNA/RNA Binding & Polymerase Activity
GO:0008137	6	Transporter & Channel Activity
GO:0008138	3	Hydrolases, Phosphatases & Nucleic-Acid-Acting Enzymes
GO:0008139	2	DNA/RNA Binding & Polymerase Activity
GO:0008143	2	DNA/RNA Binding & Polymerase Activity
GO:0008157	2	DNA/RNA Binding & Polymerase Activity
GO:0008158	0	Transcription Regulator & Modulator Activity
GO:0008160	0	Transcription Regulator & Modulator Activity
GO:0008168	4	Kinases & Transferases
GO:0008170	4	Kinases & Transferases
GO:0008171	4	Kinases & Transferases
GO:0008173	4	Kinases & Transferases
GO:0008175	4	Kinases & Transferases
GO:0008176	4	Kinases & Transferases
GO:0008177	5	Oxidoreductase, Synthase & Ligase Activity
GO:0008179	2	DNA/RNA Binding & Polymerase Activity
GO:0008186	0	Transcription Regulator & Modulator Activity
GO:0008187	2	DNA/RNA Binding & Polymerase Activity
GO:0008193	4	Kinases & Transferases
GO:0008195	3	Hydrolases, Phosphatases & Nucleic-Acid-Acting Enzymes
GO:0008198	2	DNA/RNA Binding & Polymerase Activity
GO:0008199	2	DNA/RNA Binding & Polymerase Activity
GO:0008201	2	DNA/RNA Binding & Polymerase Activity
GO:0008233	3	Hydrolases, Phosphatases & Nucleic-Acid-Acting Enzymes
GO:0008234	3	Hydrolases, Phosphatases & Nucleic-Acid-Acting Enzymes
GO:0008235	3	Hydrolases, Phosphatases & Nucleic-Acid-Acting Enzymes
GO:0008236	3	Hydrolases, Phosphatases & Nucleic-Acid-Acting Enzymes
GO:0008237	3	Hydrolases, Phosphatases & Nucleic-Acid-Acting Enzymes
GO:0008239	3	Hydrolases, Phosphatases & Nucleic-Acid-Acting Enzymes
GO:0008242	3	Hydrolases, Phosphatases & Nucleic-Acid-Acting Enzymes
GO:0008266	2	DNA/RNA Binding & Polymerase Activity
GO:0008270	2	DNA/RNA Binding & Polymerase Activity
GO:0008271	6	Transporter & Channel Activity
GO:0008273	6	Transporter & Channel Activity
GO:0008276	1	Acyl/Acetyl/Methyltransferase Activity
GO:0008289	2	DNA/RNA Binding & Polymerase Activity
GO:0008296	3	Hydrolases, Phosphatases & Nucleic-Acid-Acting Enzymes
GO:0008301	2	DNA/RNA Binding & Polymerase Activity
GO:0008308	6	Transporter & Channel Activity
GO:0008310	3	Hydrolases, Phosphatases & Nucleic-Acid-Acting Enzymes
GO:0008311	3	Hydrolases, Phosphatases & Nucleic-Acid-Acting Enzymes
GO:0008312	2	DNA/RNA Binding & Polymerase Activity
GO:0008318	1	Acyl/Acetyl/Methyltransferase Activity
GO:0008320	6	Transporter & Channel Activity
GO:0008324	6	Transporter & Channel Activity
GO:0008330	3	Hydrolases, Phosphatases & Nucleic-Acid-Acting Enzymes
GO:0008353	4	Kinases & Transferases
GO:0008374	1	Acyl/Acetyl/Methyltransferase Activity
GO:0008379	5	Oxidoreductase, Synthase & Ligase Activity
GO:0008381	6	Transporter & Channel Activity
GO:0008408	3	Hydrolases, Phosphatases & Nucleic-Acid-Acting Enzymes
GO:0008409	3	Hydrolases, Phosphatases & Nucleic-Acid-Acting Enzymes
GO:0008412	4	Kinases & Transferases
GO:0008419	3	Hydrolases, Phosphatases & Nucleic-Acid-Acting Enzymes
GO:0008420	3	Hydrolases, Phosphatases & Nucleic-Acid-Acting Enzymes
GO:0008425	4	Kinases & Transferases
GO:0008426	0	Transcription Regulator & Modulator Activity
GO:0008429	2	DNA/RNA Binding & Polymerase Activity
GO:0008440	4	Kinases & Transferases
GO:0008443	4	Kinases & Transferases
GO:0008444	4	Kinases & Transferases
GO:0008446	5	Oxidoreductase, Synthase & Ligase Activity
GO:0008452	3	Hydrolases, Phosphatases & Nucleic-Acid-Acting Enzymes
GO:0008463	3	Hydrolases, Phosphatases & Nucleic-Acid-Acting Enzymes
GO:0008469	1	Acyl/Acetyl/Methyltransferase Activity
GO:0008474	3	Hydrolases, Phosphatases & Nucleic-Acid-Acting Enzymes
GO:0008475	5	Oxidoreductase, Synthase & Ligase Activity
GO:0008478	4	Kinases & Transferases
GO:0008479	4	Kinases & Transferases
GO:0008483	4	Kinases & Transferases
GO:0008494	2	DNA/RNA Binding & Polymerase Activity
GO:0008495	4	Kinases & Transferases
GO:0008517	6	Transporter & Channel Activity
GO:0008519	6	Transporter & Channel Activity
GO:0008521	6	Transporter & Channel Activity
GO:0008525	6	Transporter & Channel Activity
GO:0008526	6	Transporter & Channel Activity
GO:0008531	4	Kinases & Transferases
GO:0008534	3	Hydrolases, Phosphatases & Nucleic-Acid-Acting Enzymes
GO:0008553	6	Transporter & Channel Activity
GO:0008559	6	Transporter & Channel Activity
GO:0008568	1	Acyl/Acetyl/Methyltransferase Activity
GO:0008569	0	Transcription Regulator & Modulator Activity
GO:0008574	0	Transcription Regulator & Modulator Activity
GO:0008597	0	Transcription Regulator & Modulator Activity
GO:0008603	0	Transcription Regulator & Modulator Activity
GO:0008641	1	Acyl/Acetyl/Methyltransferase Activity
GO:0008649	4	Kinases & Transferases
GO:0008650	4	Kinases & Transferases
GO:0008661	4	Kinases & Transferases
GO:0008685	5	Oxidoreductase, Synthase & Ligase Activity
GO:0008696	5	Oxidoreductase, Synthase & Ligase Activity
GO:0008725	3	Hydrolases, Phosphatases & Nucleic-Acid-Acting Enzymes
GO:0008750	6	Transporter & Channel Activity
GO:0008757	4	Kinases & Transferases
GO:0008796	3	Hydrolases, Phosphatases & Nucleic-Acid-Acting Enzymes
GO:0008821	3	Hydrolases, Phosphatases & Nucleic-Acid-Acting Enzymes
GO:0008829	3	Hydrolases, Phosphatases & Nucleic-Acid-Acting Enzymes
GO:0008832	3	Hydrolases, Phosphatases & Nucleic-Acid-Acting Enzymes
GO:0008841	5	Oxidoreductase, Synthase & Ligase Activity
GO:0008854	3	Hydrolases, Phosphatases & Nucleic-Acid-Acting Enzymes
GO:0008859	3	Hydrolases, Phosphatases & Nucleic-Acid-Acting Enzymes
GO:0008865	4	Kinases & Transferases
GO:0008889	3	Hydrolases, Phosphatases & Nucleic-Acid-Acting Enzymes
GO:0008897	4	Kinases & Transferases
GO:0008898	4	Kinases & Transferases
GO:0008902	4	Kinases & Transferases
GO:0008914	1	Acyl/Acetyl/Methyltransferase Activity
GO:0008923	5	Oxidoreductase, Synthase & Ligase Activity
GO:0008924	5	Oxidoreductase, Synthase & Ligase Activity
GO:0008934	3	Hydrolases, Phosphatases & Nucleic-Acid-Acting Enzymes
GO:0008936	3	Hydrolases, Phosphatases & Nucleic-Acid-Acting Enzymes
GO:0008937	5	Oxidoreductase, Synthase & Ligase Activity
GO:0008942	5	Oxidoreductase, Synthase & Ligase Activity
GO:0008963	4	Kinases & Transferases
GO:0008964	5	Oxidoreductase, Synthase & Ligase Activity
GO:0008966	5	Oxidoreductase, Synthase & Ligase Activity
GO:0008967	3	Hydrolases, Phosphatases & Nucleic-Acid-Acting Enzymes
GO:0008970	3	Hydrolases, Phosphatases & Nucleic-Acid-Acting Enzymes
GO:0008972	4	Kinases & Transferases
GO:0008989	4	Kinases & Transferases
GO:0009022	4	Kinases & Transferases
GO:0009041	4	Kinases & Transferases
GO:0009055	0	Transcription Regulator & Modulator Activity
GO:0009374	2	DNA/RNA Binding & Polymerase Activity
GO:0009378	3	Hydrolases, Phosphatases & Nucleic-Acid-Acting Enzymes
GO:0009383	4	Kinases & Transferases
GO:0009670	6	Transporter & Channel Activity
GO:0009678	6	Transporter & Channel Activity
GO:0009922	1	Acyl/Acetyl/Methyltransferase Activity
GO:0009931	4	Kinases & Transferases
GO:0009982	5	Oxidoreductase, Synthase & Ligase Activity
GO:0010181	2	DNA/RNA Binding & Polymerase Activity
GO:0010314	2	DNA/RNA Binding & Polymerase Activity
GO:0010484	1	Acyl/Acetyl/Methyltransferase Activity
GO:0010485	1	Acyl/Acetyl/Methyltransferase Activity
GO:0010997	2	DNA/RNA Binding & Polymerase Activity
GO:0015035	5	Oxidoreductase, Synthase & Ligase Activity
GO:0015036	5	Oxidoreductase, Synthase & Ligase Activity
GO:0015038	5	Oxidoreductase, Synthase & Ligase Activity
GO:0015039	5	Oxidoreductase, Synthase & Ligase Activity
GO:0015078	6	Transporter & Channel Activity
GO:0015086	6	Transporter & Channel Activity
GO:0015091	6	Transporter & Channel Activity
GO:0015093	6	Transporter & Channel Activity
GO:0015095	6	Transporter & Channel Activity
GO:0015097	6	Transporter & Channel Activity
GO:0015116	6	Transporter & Channel Activity
GO:0015136	6	Transporter & Channel Activity
GO:0015145	6	Transporter & Channel Activity
GO:0015149	6	Transporter & Channel Activity
GO:0015165	6	Transporter & Channel Activity
GO:0015171	6	Transporter & Channel Activity
GO:0015181	6	Transporter & Channel Activity
GO:0015211	6	Transporter & Channel Activity
GO:0015220	6	Transporter & Channel Activity
GO:0015230	6	Transporter & Channel Activity
GO:0015233	6	Transporter & Channel Activity
GO:0015250	6	Transporter & Channel Activity
GO:0015267	6	Transporter & Channel Activity
GO:0015269	6	Transporter & Channel Activity
GO:0015293	6	Transporter & Channel Activity
GO:0015295	6	Transporter & Channel Activity
GO:0015297	6	Transporter & Channel Activity
GO:0015367	6	Transporter & Channel Activity
GO:0015369	6	Transporter & Channel Activity
GO:0015385	6	Transporter & Channel Activity
GO:0015386	6	Transporter & Channel Activity
GO:0015421	6	Transporter & Channel Activity
GO:0015446	6	Transporter & Channel Activity
GO:0015450	6	Transporter & Channel Activity
GO:0015485	2	DNA/RNA Binding & Polymerase Activity
GO:0015513	6	Transporter & Channel Activity
GO:0015520	6	Transporter & Channel Activity
GO:0015616	3	Hydrolases, Phosphatases & Nucleic-Acid-Acting Enzymes
GO:0015631	2	DNA/RNA Binding & Polymerase Activity
GO:0015650	6	Transporter & Channel Activity
GO:0015662	6	Transporter & Channel Activity
GO:0015668	3	Hydrolases, Phosphatases & Nucleic-Acid-Acting Enzymes
GO:0015930	5	Oxidoreductase, Synthase & Ligase Activity
GO:0016018	2	DNA/RNA Binding & Polymerase Activity
GO:0016040	5	Oxidoreductase, Synthase & Ligase Activity
GO:0016041	5	Oxidoreductase, Synthase & Ligase Activity
GO:0016149	2	DNA/RNA Binding & Polymerase Activity
GO:0016208	2	DNA/RNA Binding & Polymerase Activity
GO:0016209	0	Transcription Regulator & Modulator Activity
GO:0016251	0	Transcription Regulator & Modulator Activity
GO:0016273	4	Kinases & Transferases
GO:0016274	1	Acyl/Acetyl/Methyltransferase Activity
GO:0016279	1	Acyl/Acetyl/Methyltransferase Activity
GO:0016287	1	Acyl/Acetyl/Methyltransferase Activity
GO:0016298	3	Hydrolases, Phosphatases & Nucleic-Acid-Acting Enzymes
GO:0016300	4	Kinases & Transferases
GO:0016301	4	Kinases & Transferases
GO:0016303	4	Kinases & Transferases
GO:0016308	4	Kinases & Transferases
GO:0016407	1	Acyl/Acetyl/Methyltransferase Activity
GO:0016409	1	Acyl/Acetyl/Methyltransferase Activity
GO:0016410	1	Acyl/Acetyl/Methyltransferase Activity
GO:0016422	4	Kinases & Transferases
GO:0016423	4	Kinases & Transferases
GO:0016428	4	Kinases & Transferases
GO:0016435	4	Kinases & Transferases
GO:0016462	3	Hydrolases, Phosphatases & Nucleic-Acid-Acting Enzymes
GO:0016491	5	Oxidoreductase, Synthase & Ligase Activity
GO:0016504	0	Transcription Regulator & Modulator Activity
GO:0016531	0	Transcription Regulator & Modulator Activity
GO:0016538	0	Transcription Regulator & Modulator Activity
GO:0016597	2	DNA/RNA Binding & Polymerase Activity
GO:0016603	1	Acyl/Acetyl/Methyltransferase Activity
GO:0016614	5	Oxidoreductase, Synthase & Ligase Activity
GO:0016615	5	Oxidoreductase, Synthase & Ligase Activity
GO:0016616	5	Oxidoreductase, Synthase & Ligase Activity
GO:0016620	5	Oxidoreductase, Synthase & Ligase Activity
GO:0016624	5	Oxidoreductase, Synthase & Ligase Activity
GO:0016627	5	Oxidoreductase, Synthase & Ligase Activity
GO:0016631	5	Oxidoreductase, Synthase & Ligase Activity
GO:0016638	5	Oxidoreductase, Synthase & Ligase Activity
GO:0016639	5	Oxidoreductase, Synthase & Ligase Activity
GO:0016653	5	Oxidoreductase, Synthase & Ligase Activity
GO:0016668	5	Oxidoreductase, Synthase & Ligase Activity
GO:0016671	5	Oxidoreductase, Synthase & Ligase Activity
GO:0016705	5	Oxidoreductase, Synthase & Ligase Activity
GO:0016706	5	Oxidoreductase, Synthase & Ligase Activity
GO:0016709	5	Oxidoreductase, Synthase & Ligase Activity
GO:0016715	5	Oxidoreductase, Synthase & Ligase Activity
GO:0016717	5	Oxidoreductase, Synthase & Ligase Activity
GO:0016740	4	Kinases & Transferases
GO:0016741	4	Kinases & Transferases
GO:0016742	4	Kinases & Transferases
GO:0016743	4	Kinases & Transferases
GO:0016744	4	Kinases & Transferases
GO:0016746	1	Acyl/Acetyl/Methyltransferase Activity
GO:0016747	1	Acyl/Acetyl/Methyltransferase Activity
GO:0016757	4	Kinases & Transferases
GO:0016758	4	Kinases & Transferases
GO:0016763	4	Kinases & Transferases
GO:0016765	4	Kinases & Transferases
GO:0016767	4	Kinases & Transferases
GO:0016772	4	Kinases & Transferases
GO:0016773	4	Kinases & Transferases
GO:0016776	4	Kinases & Transferases
GO:0016779	4	Kinases & Transferases
GO:0016780	4	Kinases & Transferases
GO:0016783	4	Kinases & Transferases
GO:0016785	4	Kinases & Transferases
GO:0016787	3	Hydrolases, Phosphatases & Nucleic-Acid-Acting Enzymes
GO:0016788	3	Hydrolases, Phosphatases & Nucleic-Acid-Acting Enzymes
GO:0016791	3	Hydrolases, Phosphatases & Nucleic-Acid-Acting Enzymes
GO:0016798	3	Hydrolases, Phosphatases & Nucleic-Acid-Acting Enzymes
GO:0016799	3	Hydrolases, Phosphatases & Nucleic-Acid-Acting Enzymes
GO:0016805	3	Hydrolases, Phosphatases & Nucleic-Acid-Acting Enzymes
GO:0016810	3	Hydrolases, Phosphatases & Nucleic-Acid-Acting Enzymes
GO:0016811	3	Hydrolases, Phosphatases & Nucleic-Acid-Acting Enzymes
GO:0016812	3	Hydrolases, Phosphatases & Nucleic-Acid-Acting Enzymes
GO:0016813	3	Hydrolases, Phosphatases & Nucleic-Acid-Acting Enzymes
GO:0016817	3	Hydrolases, Phosphatases & Nucleic-Acid-Acting Enzymes
GO:0016818	3	Hydrolases, Phosphatases & Nucleic-Acid-Acting Enzymes
GO:0016829	5	Oxidoreductase, Synthase & Ligase Activity
GO:0016831	5	Oxidoreductase, Synthase & Ligase Activity
GO:0016836	5	Oxidoreductase, Synthase & Ligase Activity
GO:0016843	5	Oxidoreductase, Synthase & Ligase Activity
GO:0016853	5	Oxidoreductase, Synthase & Ligase Activity
GO:0016857	5	Oxidoreductase, Synthase & Ligase Activity
GO:0016866	5	Oxidoreductase, Synthase & Ligase Activity
GO:0016868	5	Oxidoreductase, Synthase & Ligase Activity
GO:0016874	5	Oxidoreductase, Synthase & Ligase Activity
GO:0016879	5	Oxidoreductase, Synthase & Ligase Activity
GO:0016881	5	Oxidoreductase, Synthase & Ligase Activity
GO:0016884	5	Oxidoreductase, Synthase & Ligase Activity
GO:0016887	3	Hydrolases, Phosphatases & Nucleic-Acid-Acting Enzymes
GO:0016888	3	Hydrolases, Phosphatases & Nucleic-Acid-Acting Enzymes
GO:0016889	3	Hydrolases, Phosphatases & Nucleic-Acid-Acting Enzymes
GO:0016891	3	Hydrolases, Phosphatases & Nucleic-Acid-Acting Enzymes
GO:0016929	3	Hydrolases, Phosphatases & Nucleic-Acid-Acting Enzymes
GO:0016971	5	Oxidoreductase, Synthase & Ligase Activity
GO:0016972	5	Oxidoreductase, Synthase & Ligase Activity
GO:0016977	3	Hydrolases, Phosphatases & Nucleic-Acid-Acting Enzymes
GO:0016979	4	Kinases & Transferases
GO:0016984	5	Oxidoreductase, Synthase & Ligase Activity
GO:0016987	0	Transcription Regulator & Modulator Activity
GO:0016992	4	Kinases & Transferases
GO:0017017	3	Hydrolases, Phosphatases & Nucleic-Acid-Acting Enzymes
GO:0017018	3	Hydrolases, Phosphatases & Nucleic-Acid-Acting Enzymes
GO:0017022	2	DNA/RNA Binding & Polymerase Activity
GO:0017025	2	DNA/RNA Binding & Polymerase Activity
GO:0017056	0	Transcription Regulator & Modulator Activity
GO:0017057	3	Hydrolases, Phosphatases & Nucleic-Acid-Acting Enzymes
GO:0017069	2	DNA/RNA Binding & Polymerase Activity
GO:0017070	2	DNA/RNA Binding & Polymerase Activity
GO:0017076	2	DNA/RNA Binding & Polymerase Activity
GO:0017089	6	Transporter & Channel Activity
GO:0017108	3	Hydrolases, Phosphatases & Nucleic-Acid-Acting Enzymes
GO:0017110	3	Hydrolases, Phosphatases & Nucleic-Acid-Acting Enzymes
GO:0017111	3	Hydrolases, Phosphatases & Nucleic-Acid-Acting Enzymes
GO:0017116	3	Hydrolases, Phosphatases & Nucleic-Acid-Acting Enzymes
GO:0017118	1	Acyl/Acetyl/Methyltransferase Activity
GO:0017124	2	DNA/RNA Binding & Polymerase Activity
GO:0017125	4	Kinases & Transferases
GO:0017128	6	Transporter & Channel Activity
GO:0017134	2	DNA/RNA Binding & Polymerase Activity
GO:0017136	3	Hydrolases, Phosphatases & Nucleic-Acid-Acting Enzymes
GO:0017150	5	Oxidoreductase, Synthase & Ligase Activity
GO:0017176	4	Kinases & Transferases
GO:0017178	5	Oxidoreductase, Synthase & Ligase Activity
GO:0018454	5	Oxidoreductase, Synthase & Ligase Activity
GO:0018812	5	Oxidoreductase, Synthase & Ligase Activity
GO:0019001	2	DNA/RNA Binding & Polymerase Activity
GO:0019103	2	DNA/RNA Binding & Polymerase Activity
GO:0019104	3	Hydrolases, Phosphatases & Nucleic-Acid-Acting Enzymes
GO:0019107	1	Acyl/Acetyl/Methyltransferase Activity
GO:0019135	5	Oxidoreductase, Synthase & Ligase Activity
GO:0019153	5	Oxidoreductase, Synthase & Ligase Activity
GO:0019158	4	Kinases & Transferases
GO:0019171	5	Oxidoreductase, Synthase & Ligase Activity
GO:0019205	4	Kinases & Transferases
GO:0019209	0	Transcription Regulator & Modulator Activity
GO:0019211	0	Transcription Regulator & Modulator Activity
GO:0019213	3	Hydrolases, Phosphatases & Nucleic-Acid-Acting Enzymes
GO:0019237	2	DNA/RNA Binding & Polymerase Activity
GO:0019239	3	Hydrolases, Phosphatases & Nucleic-Acid-Acting Enzymes
GO:0019706	1	Acyl/Acetyl/Methyltransferase Activity
GO:0019776	1	Acyl/Acetyl/Methyltransferase Activity
GO:0019778	1	Acyl/Acetyl/Methyltransferase Activity
GO:0019779	1	Acyl/Acetyl/Methyltransferase Activity
GO:0019781	1	Acyl/Acetyl/Methyltransferase Activity
GO:0019784	3	Hydrolases, Phosphatases & Nucleic-Acid-Acting Enzymes
GO:0019786	3	Hydrolases, Phosphatases & Nucleic-Acid-Acting Enzymes
GO:0019787	1	Acyl/Acetyl/Methyltransferase Activity
GO:0019788	1	Acyl/Acetyl/Methyltransferase Activity
GO:0019789	1	Acyl/Acetyl/Methyltransferase Activity
GO:0019799	1	Acyl/Acetyl/Methyltransferase Activity
GO:0019829	6	Transporter & Channel Activity
GO:0019843	2	DNA/RNA Binding & Polymerase Activity
GO:0019887	0	Transcription Regulator & Modulator Activity
GO:0019888	0	Transcription Regulator & Modulator Activity
GO:0019899	2	DNA/RNA Binding & Polymerase Activity
GO:0019900	2	DNA/RNA Binding & Polymerase Activity
GO:0019901	2	DNA/RNA Binding & Polymerase Activity
GO:0019903	2	DNA/RNA Binding & Polymerase Activity
GO:0019904	2	DNA/RNA Binding & Polymerase Activity
GO:0019905	2	DNA/RNA Binding & Polymerase Activity
GO:0019948	1	Acyl/Acetyl/Methyltransferase Activity
GO:0019956	2	DNA/RNA Binding & Polymerase Activity
GO:0020037	2	DNA/RNA Binding & Polymerase Activity
GO:0022829	6	Transporter & Channel Activity
GO:0022857	6	Transporter & Channel Activity
GO:0030060	5	Oxidoreductase, Synthase & Ligase Activity
GO:0030145	2	DNA/RNA Binding & Polymerase Activity
GO:0030170	2	DNA/RNA Binding & Polymerase Activity
GO:0030234	0	Transcription Regulator & Modulator Activity
GO:0030246	2	DNA/RNA Binding & Polymerase Activity
GO:0030272	5	Oxidoreductase, Synthase & Ligase Activity
GO:0030276	2	DNA/RNA Binding & Polymerase Activity
GO:0030295	0	Transcription Regulator & Modulator Activity
GO:0030332	2	DNA/RNA Binding & Polymerase Activity
GO:0030337	0	Transcription Regulator & Modulator Activity
GO:0030414	0	Transcription Regulator & Modulator Activity
GO:0030492	2	DNA/RNA Binding & Polymerase Activity
GO:0030506	2	DNA/RNA Binding & Polymerase Activity
GO:0030507	2	DNA/RNA Binding & Polymerase Activity
GO:0030515	2	DNA/RNA Binding & Polymerase Activity
GO:0030527	0	Transcription Regulator & Modulator Activity
GO:0030544	2	DNA/RNA Binding & Polymerase Activity
GO:0030552	2	DNA/RNA Binding & Polymerase Activity
GO:0030553	2	DNA/RNA Binding & Polymerase Activity
GO:0030554	2	DNA/RNA Binding & Polymerase Activity
GO:0030604	5	Oxidoreductase, Synthase & Ligase Activity
GO:0030619	2	DNA/RNA Binding & Polymerase Activity
GO:0030620	2	DNA/RNA Binding & Polymerase Activity
GO:0030621	2	DNA/RNA Binding & Polymerase Activity
GO:0030623	2	DNA/RNA Binding & Polymerase Activity
GO:0030627	2	DNA/RNA Binding & Polymerase Activity
GO:0030628	2	DNA/RNA Binding & Polymerase Activity
GO:0030674	0	Transcription Regulator & Modulator Activity
GO:0030695	0	Transcription Regulator & Modulator Activity
GO:0030697	4	Kinases & Transferases
GO:0030732	4	Kinases & Transferases
GO:0030735	4	Kinases & Transferases
GO:0030743	4	Kinases & Transferases
GO:0030898	0	Transcription Regulator & Modulator Activity
GO:0030942	2	DNA/RNA Binding & Polymerase Activity
GO:0030943	2	DNA/RNA Binding & Polymerase Activity
GO:0030955	2	DNA/RNA Binding & Polymerase Activity
GO:0030975	2	DNA/RNA Binding & Polymerase Activity
GO:0030976	2	DNA/RNA Binding & Polymerase Activity
GO:0030983	2	DNA/RNA Binding & Polymerase Activity
GO:0031071	4	Kinases & Transferases
GO:0031072	2	DNA/RNA Binding & Polymerase Activity
GO:0031210	2	DNA/RNA Binding & Polymerase Activity
GO:0031267	2	DNA/RNA Binding & Polymerase Activity
GO:0031369	2	DNA/RNA Binding & Polymerase Activity
GO:0031386	0	Transcription Regulator & Modulator Activity
GO:0031405	2	DNA/RNA Binding & Polymerase Activity
GO:0031418	2	DNA/RNA Binding & Polymerase Activity
GO:0031490	2	DNA/RNA Binding & Polymerase Activity
GO:0031491	2	DNA/RNA Binding & Polymerase Activity
GO:0031593	2	DNA/RNA Binding & Polymerase Activity
GO:0031624	2	DNA/RNA Binding & Polymerase Activity
GO:0031625	2	DNA/RNA Binding & Polymerase Activity
GO:0031956	5	Oxidoreductase, Synthase & Ligase Activity
GO:0032041	3	Hydrolases, Phosphatases & Nucleic-Acid-Acting Enzymes
GO:0032051	2	DNA/RNA Binding & Polymerase Activity
GO:0032216	1	Acyl/Acetyl/Methyltransferase Activity
GO:0032266	2	DNA/RNA Binding & Polymerase Activity
GO:0032357	2	DNA/RNA Binding & Polymerase Activity
GO:0032451	5	Oxidoreductase, Synthase & Ligase Activity
GO:0032452	1	Acyl/Acetyl/Methyltransferase Activity
GO:0032549	2	DNA/RNA Binding & Polymerase Activity
GO:0032559	2	DNA/RNA Binding & Polymerase Activity
GO:0032934	2	DNA/RNA Binding & Polymerase Activity
GO:0032977	0	Transcription Regulator & Modulator Activity
GO:0033188	4	Kinases & Transferases
GO:0033192	3	Hydrolases, Phosphatases & Nucleic-Acid-Acting Enzymes
GO:0033204	2	DNA/RNA Binding & Polymerase Activity
GO:0033265	2	DNA/RNA Binding & Polymerase Activity
GO:0033678	3	Hydrolases, Phosphatases & Nucleic-Acid-Acting Enzymes
GO:0033679	3	Hydrolases, Phosphatases & Nucleic-Acid-Acting Enzymes
GO:0033691	2	DNA/RNA Binding & Polymerase Activity
GO:0033818	1	Acyl/Acetyl/Methyltransferase Activity
GO:0033819	1	Acyl/Acetyl/Methyltransferase Activity
GO:0033857	4	Kinases & Transferases
GO:0033862	4	Kinases & Transferases
GO:0034038	4	Kinases & Transferases
GO:0034039	3	Hydrolases, Phosphatases & Nucleic-Acid-Acting Enzymes
GO:0034235	2	DNA/RNA Binding & Polymerase Activity
GO:0034237	2	DNA/RNA Binding & Polymerase Activity
GO:0034450	1	Acyl/Acetyl/Methyltransferase Activity
GO:0034511	2	DNA/RNA Binding & Polymerase Activity
GO:0034513	2	DNA/RNA Binding & Polymerase Activity
GO:0034647	5	Oxidoreductase, Synthase & Ligase Activity
GO:0034979	3	Hydrolases, Phosphatases & Nucleic-Acid-Acting Enzymes
GO:0035064	2	DNA/RNA Binding & Polymerase Activity
GO:0035091	2	DNA/RNA Binding & Polymerase Activity
GO:0035241	1	Acyl/Acetyl/Methyltransferase Activity
GO:0035299	4	Kinases & Transferases
GO:0035312	3	Hydrolases, Phosphatases & Nucleic-Acid-Acting Enzymes
GO:0035368	2	DNA/RNA Binding & Polymerase Activity
GO:0035373	2	DNA/RNA Binding & Polymerase Activity
GO:0035485	2	DNA/RNA Binding & Polymerase Activity
GO:0035529	3	Hydrolases, Phosphatases & Nucleic-Acid-Acting Enzymes
GO:0035596	4	Kinases & Transferases
GO:0035598	4	Kinases & Transferases
GO:0035615	0	Transcription Regulator & Modulator Activity
GO:0035650	2	DNA/RNA Binding & Polymerase Activity
GO:0036002	2	DNA/RNA Binding & Polymerase Activity
GO:0036054	3	Hydrolases, Phosphatases & Nucleic-Acid-Acting Enzymes
GO:0036055	3	Hydrolases, Phosphatases & Nucleic-Acid-Acting Enzymes
GO:0036218	3	Hydrolases, Phosphatases & Nucleic-Acid-Acting Enzymes
GO:0036310	2	DNA/RNA Binding & Polymerase Activity
GO:0036381	5	Oxidoreductase, Synthase & Ligase Activity
GO:0036402	0	Transcription Regulator & Modulator Activity
GO:0036524	3	Hydrolases, Phosphatases & Nucleic-Acid-Acting Enzymes
GO:0038023	0	Transcription Regulator & Modulator Activity
GO:0042054	1	Acyl/Acetyl/Methyltransferase Activity
GO:0042134	2	DNA/RNA Binding & Polymerase Activity
GO:0042162	2	DNA/RNA Binding & Polymerase Activity
GO:0042292	1	Acyl/Acetyl/Methyltransferase Activity
GO:0042392	3	Hydrolases, Phosphatases & Nucleic-Acid-Acting Enzymes
GO:0042393	2	DNA/RNA Binding & Polymerase Activity
GO:0042500	3	Hydrolases, Phosphatases & Nucleic-Acid-Acting Enzymes
GO:0042577	3	Hydrolases, Phosphatases & Nucleic-Acid-Acting Enzymes
GO:0042578	3	Hydrolases, Phosphatases & Nucleic-Acid-Acting Enzymes
GO:0042586	3	Hydrolases, Phosphatases & Nucleic-Acid-Acting Enzymes
GO:0042625	6	Transporter & Channel Activity
GO:0042626	6	Transporter & Channel Activity
GO:0042781	3	Hydrolases, Phosphatases & Nucleic-Acid-Acting Enzymes
GO:0042800	1	Acyl/Acetyl/Methyltransferase Activity
GO:0042802	2	DNA/RNA Binding & Polymerase Activity
GO:0042803	2	DNA/RNA Binding & Polymerase Activity
GO:0042826	2	DNA/RNA Binding & Polymerase Activity
GO:0042910	6	Transporter & Channel Activity
GO:0043014	2	DNA/RNA Binding & Polymerase Activity
GO:0043015	2	DNA/RNA Binding & Polymerase Activity
GO:0043021	2	DNA/RNA Binding & Polymerase Activity
GO:0043022	2	DNA/RNA Binding & Polymerase Activity
GO:0043023	2	DNA/RNA Binding & Polymerase Activity
GO:0043024	2	DNA/RNA Binding & Polymerase Activity
GO:0043047	2	DNA/RNA Binding & Polymerase Activity
GO:0043130	2	DNA/RNA Binding & Polymerase Activity
GO:0043136	3	Hydrolases, Phosphatases & Nucleic-Acid-Acting Enzymes
GO:0043138	3	Hydrolases, Phosphatases & Nucleic-Acid-Acting Enzymes
GO:0043139	3	Hydrolases, Phosphatases & Nucleic-Acid-Acting Enzymes
GO:0043169	2	DNA/RNA Binding & Polymerase Activity
GO:0043175	2	DNA/RNA Binding & Polymerase Activity
GO:0043274	2	DNA/RNA Binding & Polymerase Activity
GO:0043295	2	DNA/RNA Binding & Polymerase Activity
GO:0043395	2	DNA/RNA Binding & Polymerase Activity
GO:0043495	0	Transcription Regulator & Modulator Activity
GO:0043531	2	DNA/RNA Binding & Polymerase Activity
GO:0043565	2	DNA/RNA Binding & Polymerase Activity
GO:0043758	5	Oxidoreductase, Synthase & Ligase Activity
GO:0043768	5	Oxidoreductase, Synthase & Ligase Activity
GO:0043812	3	Hydrolases, Phosphatases & Nucleic-Acid-Acting Enzymes
GO:0043813	3	Hydrolases, Phosphatases & Nucleic-Acid-Acting Enzymes
GO:0043906	3	Hydrolases, Phosphatases & Nucleic-Acid-Acting Enzymes
GO:0043915	4	Kinases & Transferases
GO:0043916	3	Hydrolases, Phosphatases & Nucleic-Acid-Acting Enzymes
GO:0043998	1	Acyl/Acetyl/Methyltransferase Activity
GO:0044183	0	Transcription Regulator & Modulator Activity
GO:0044389	2	DNA/RNA Binding & Polymerase Activity
GO:0044390	2	DNA/RNA Binding & Polymerase Activity
GO:0044547	2	DNA/RNA Binding & Polymerase Activity
GO:0044548	2	DNA/RNA Binding & Polymerase Activity
GO:0044877	2	DNA/RNA Binding & Polymerase Activity
GO:0045015	2	DNA/RNA Binding & Polymerase Activity
GO:0045131	2	DNA/RNA Binding & Polymerase Activity
GO:0045134	3	Hydrolases, Phosphatases & Nucleic-Acid-Acting Enzymes
GO:0045145	3	Hydrolases, Phosphatases & Nucleic-Acid-Acting Enzymes
GO:0045153	6	Transporter & Channel Activity
GO:0045182	0	Transcription Regulator & Modulator Activity
GO:0045503	2	DNA/RNA Binding & Polymerase Activity
GO:0045504	2	DNA/RNA Binding & Polymerase Activity
GO:0045505	2	DNA/RNA Binding & Polymerase Activity
GO:0045735	0	Transcription Regulator & Modulator Activity
GO:0046403	3	Hydrolases, Phosphatases & Nucleic-Acid-Acting Enzymes
GO:0046404	4	Kinases & Transferases
GO:0046429	5	Oxidoreductase, Synthase & Ligase Activity
GO:0046523	5	Oxidoreductase, Synthase & Ligase Activity
GO:0046592	5	Oxidoreductase, Synthase & Ligase Activity
GO:0046625	2	DNA/RNA Binding & Polymerase Activity
GO:0046789	2	DNA/RNA Binding & Polymerase Activity
GO:0046812	2	DNA/RNA Binding & Polymerase Activity
GO:0046820	4	Kinases & Transferases
GO:0046872	2	DNA/RNA Binding & Polymerase Activity
GO:0046873	6	Transporter & Channel Activity
GO:0046899	4	Kinases & Transferases
GO:0046912	1	Acyl/Acetyl/Methyltransferase Activity
GO:0046914	2	DNA/RNA Binding & Polymerase Activity
GO:0046922	1	Acyl/Acetyl/Methyltransferase Activity
GO:0046923	2	DNA/RNA Binding & Polymerase Activity
GO:0046933	6	Transporter & Channel Activity
GO:0046936	3	Hydrolases, Phosphatases & Nucleic-Acid-Acting Enzymes
GO:0046961	6	Transporter & Channel Activity
GO:0046974	1	Acyl/Acetyl/Methyltransferase Activity
GO:0046975	1	Acyl/Acetyl/Methyltransferase Activity
GO:0046982	2	DNA/RNA Binding & Polymerase Activity
GO:0046983	2	DNA/RNA Binding & Polymerase Activity
GO:0047131	5	Oxidoreductase, Synthase & Ligase Activity
GO:0047134	5	Oxidoreductase, Synthase & Ligase Activity
GO:0047334	4	Kinases & Transferases
GO:0047372	3	Hydrolases, Phosphatases & Nucleic-Acid-Acting Enzymes
GO:0047429	3	Hydrolases, Phosphatases & Nucleic-Acid-Acting Enzymes
GO:0047453	5	Oxidoreductase, Synthase & Ligase Activity
GO:0047493	4	Kinases & Transferases
GO:0047555	3	Hydrolases, Phosphatases & Nucleic-Acid-Acting Enzymes
GO:0047617	3	Hydrolases, Phosphatases & Nucleic-Acid-Acting Enzymes
GO:0047710	3	Hydrolases, Phosphatases & Nucleic-Acid-Acting Enzymes
GO:0047822	5	Oxidoreductase, Synthase & Ligase Activity
GO:0047834	5	Oxidoreductase, Synthase & Ligase Activity
GO:0047874	3	Hydrolases, Phosphatases & Nucleic-Acid-Acting Enzymes
GO:0047952	5	Oxidoreductase, Synthase & Ligase Activity
GO:0048027	2	DNA/RNA Binding & Polymerase Activity
GO:0048029	2	DNA/RNA Binding & Polymerase Activity
GO:0048039	2	DNA/RNA Binding & Polymerase Activity
GO:0048256	3	Hydrolases, Phosphatases & Nucleic-Acid-Acting Enzymes
GO:0048257	3	Hydrolases, Phosphatases & Nucleic-Acid-Acting Enzymes
GO:0048306	2	DNA/RNA Binding & Polymerase Activity
GO:0048487	2	DNA/RNA Binding & Polymerase Activity
GO:0050178	5	Oxidoreductase, Synthase & Ligase Activity
GO:0050277	4	Kinases & Transferases
GO:0050291	1	Acyl/Acetyl/Methyltransferase Activity
GO:0050308	3	Hydrolases, Phosphatases & Nucleic-Acid-Acting Enzymes
GO:0050321	4	Kinases & Transferases
GO:0050483	3	Hydrolases, Phosphatases & Nucleic-Acid-Acting Enzymes
GO:0050515	4	Kinases & Transferases
GO:0050518	4	Kinases & Transferases
GO:0050567	3	Hydrolases, Phosphatases & Nucleic-Acid-Acting Enzymes
GO:0050577	5	Oxidoreductase, Synthase & Ligase Activity
GO:0050660	2	DNA/RNA Binding & Polymerase Activity
GO:0050661	2	DNA/RNA Binding & Polymerase Activity
GO:0050693	2	DNA/RNA Binding & Polymerase Activity
GO:0050699	2	DNA/RNA Binding & Polymerase Activity
GO:0050833	6	Transporter & Channel Activity
GO:0050839	2	DNA/RNA Binding & Polymerase Activity
GO:0050897	2	DNA/RNA Binding & Polymerase Activity
GO:0051010	2	DNA/RNA Binding & Polymerase Activity
GO:0051015	2	DNA/RNA Binding & Polymerase Activity
GO:0051019	2	DNA/RNA Binding & Polymerase Activity
GO:0051020	2	DNA/RNA Binding & Polymerase Activity
GO:0051082	2	DNA/RNA Binding & Polymerase Activity
GO:0051087	2	DNA/RNA Binding & Polymerase Activity
GO:0051117	2	DNA/RNA Binding & Polymerase Activity
GO:0051213	5	Oxidoreductase, Synthase & Ligase Activity
GO:0051287	2	DNA/RNA Binding & Polymerase Activity
GO:0051377	4	Kinases & Transferases
GO:0051499	3	Hydrolases, Phosphatases & Nucleic-Acid-Acting Enzymes
GO:0051500	3	Hydrolases, Phosphatases & Nucleic-Acid-Acting Enzymes
GO:0051536	2	DNA/RNA Binding & Polymerase Activity
GO:0051537	2	DNA/RNA Binding & Polymerase Activity
GO:0051538	2	DNA/RNA Binding & Polymerase Activity
GO:0051539	2	DNA/RNA Binding & Polymerase Activity
GO:0051721	2	DNA/RNA Binding & Polymerase Activity
GO:0051731	4	Kinases & Transferases
GO:0051745	5	Oxidoreductase, Synthase & Ligase Activity
GO:0051751	4	Kinases & Transferases
GO:0051765	4	Kinases & Transferases
GO:0051787	2	DNA/RNA Binding & Polymerase Activity
GO:0051861	2	DNA/RNA Binding & Polymerase Activity
GO:0051864	5	Oxidoreductase, Synthase & Ligase Activity
GO:0051879	2	DNA/RNA Binding & Polymerase Activity
GO:0051880	2	DNA/RNA Binding & Polymerase Activity
GO:0051920	5	Oxidoreductase, Synthase & Ligase Activity
GO:0051959	2	DNA/RNA Binding & Polymerase Activity
GO:0051998	1	Acyl/Acetyl/Methyltransferase Activity
GO:0052381	4	Kinases & Transferases
GO:0052657	4	Kinases & Transferases
GO:0052658	3	Hydrolases, Phosphatases & Nucleic-Acid-Acting Enzymes
GO:0052659	3	Hydrolases, Phosphatases & Nucleic-Acid-Acting Enzymes
GO:0052717	3	Hydrolases, Phosphatases & Nucleic-Acid-Acting Enzymes
GO:0052723	4	Kinases & Transferases
GO:0052724	4	Kinases & Transferases
GO:0052739	3	Hydrolases, Phosphatases & Nucleic-Acid-Acting Enzymes
GO:0052742	4	Kinases & Transferases
GO:0052821	3	Hydrolases, Phosphatases & Nucleic-Acid-Acting Enzymes
GO:0052822	3	Hydrolases, Phosphatases & Nucleic-Acid-Acting Enzymes
GO:0052832	3	Hydrolases, Phosphatases & Nucleic-Acid-Acting Enzymes
GO:0052833	3	Hydrolases, Phosphatases & Nucleic-Acid-Acting Enzymes
GO:0052855	5	Oxidoreductase, Synthase & Ligase Activity
GO:0052856	5	Oxidoreductase, Synthase & Ligase Activity
GO:0052905	4	Kinases & Transferases
GO:0052906	4	Kinases & Transferases
GO:0052907	4	Kinases & Transferases
GO:0052909	4	Kinases & Transferases
GO:0052927	4	Kinases & Transferases
GO:0052928	4	Kinases & Transferases
GO:0052929	4	Kinases & Transferases
GO:0055056	6	Transporter & Channel Activity
GO:0060090	0	Transcription Regulator & Modulator Activity
GO:0060590	0	Transcription Regulator & Modulator Activity
GO:0061133	0	Transcription Regulator & Modulator Activity
GO:0061513	6	Transporter & Channel Activity
GO:0061575	0	Transcription Regulator & Modulator Activity
GO:0061578	3	Hydrolases, Phosphatases & Nucleic-Acid-Acting Enzymes
GO:0061608	0	Transcription Regulator & Modulator Activity
GO:0061630	1	Acyl/Acetyl/Methyltransferase Activity
GO:0061631	1	Acyl/Acetyl/Methyltransferase Activity
GO:0061656	1	Acyl/Acetyl/Methyltransferase Activity
GO:0061665	1	Acyl/Acetyl/Methyltransferase Activity
GO:0061685	3	Hydrolases, Phosphatases & Nucleic-Acid-Acting Enzymes
GO:0061710	4	Kinases & Transferases
GO:0061711	1	Acyl/Acetyl/Methyltransferase Activity
GO:0061712	4	Kinases & Transferases
GO:0061863	1	Acyl/Acetyl/Methyltransferase Activity
GO:0062072	2	DNA/RNA Binding & Polymerase Activity
GO:0070006	3	Hydrolases, Phosphatases & Nucleic-Acid-Acting Enzymes
GO:0070034	2	DNA/RNA Binding & Polymerase Activity
GO:0070037	4	Kinases & Transferases
GO:0070042	4	Kinases & Transferases
GO:0070063	2	DNA/RNA Binding & Polymerase Activity
GO:0070064	2	DNA/RNA Binding & Polymerase Activity
GO:0070180	2	DNA/RNA Binding & Polymerase Activity
GO:0070181	2	DNA/RNA Binding & Polymerase Activity
GO:0070182	2	DNA/RNA Binding & Polymerase Activity
GO:0070280	2	DNA/RNA Binding & Polymerase Activity
GO:0070281	2	DNA/RNA Binding & Polymerase Activity
GO:0070282	2	DNA/RNA Binding & Polymerase Activity
GO:0070290	3	Hydrolases, Phosphatases & Nucleic-Acid-Acting Enzymes
GO:0070402	2	DNA/RNA Binding & Polymerase Activity
GO:0070403	2	DNA/RNA Binding & Polymerase Activity
GO:0070530	2	DNA/RNA Binding & Polymerase Activity
GO:0070567	4	Kinases & Transferases
GO:0070569	4	Kinases & Transferases
GO:0070577	2	DNA/RNA Binding & Polymerase Activity
GO:0070615	3	Hydrolases, Phosphatases & Nucleic-Acid-Acting Enzymes
GO:0070626	5	Oxidoreductase, Synthase & Ligase Activity
GO:0070628	2	DNA/RNA Binding & Polymerase Activity
GO:0070733	4	Kinases & Transferases
GO:0070740	1	Acyl/Acetyl/Methyltransferase Activity
GO:0070840	2	DNA/RNA Binding & Polymerase Activity
GO:0070905	2	DNA/RNA Binding & Polymerase Activity
GO:0071074	2	DNA/RNA Binding & Polymerase Activity
GO:0071164	4	Kinases & Transferases
GO:0071207	2	DNA/RNA Binding & Polymerase Activity
GO:0071424	4	Kinases & Transferases
GO:0071889	2	DNA/RNA Binding & Polymerase Activity
GO:0071949	2	DNA/RNA Binding & Polymerase Activity
GO:0072587	0	Transcription Regulator & Modulator Activity
GO:0080025	2	DNA/RNA Binding & Polymerase Activity
GO:0080084	2	DNA/RNA Binding & Polymerase Activity
GO:0090560	4	Kinases & Transferases
GO:0097023	5	Oxidoreductase, Synthase & Ligase Activity
GO:0097027	0	Transcription Regulator & Modulator Activity
GO:0097157	2	DNA/RNA Binding & Polymerase Activity
GO:0097177	2	DNA/RNA Binding & Polymerase Activity
GO:0097367	2	DNA/RNA Binding & Polymerase Activity
GO:0097602	2	DNA/RNA Binding & Polymerase Activity
GO:0098505	2	DNA/RNA Binding & Polymerase Activity
GO:0098808	2	DNA/RNA Binding & Polymerase Activity
GO:0099122	2	DNA/RNA Binding & Polymerase Activity
GO:0101005	3	Hydrolases, Phosphatases & Nucleic-Acid-Acting Enzymes
GO:0102009	3	Hydrolases, Phosphatases & Nucleic-Acid-Acting Enzymes
GO:0102092	4	Kinases & Transferases
GO:0102158	5	Oxidoreductase, Synthase & Ligase Activity
GO:0102265	5	Oxidoreductase, Synthase & Ligase Activity
GO:0102389	5	Oxidoreductase, Synthase & Ligase Activity
GO:0102391	5	Oxidoreductase, Synthase & Ligase Activity
GO:0102521	3	Hydrolases, Phosphatases & Nucleic-Acid-Acting Enzymes
GO:0102522	4	Kinases & Transferases
GO:0102545	3	Hydrolases, Phosphatases & Nucleic-Acid-Acting Enzymes
GO:0102555	1	Acyl/Acetyl/Methyltransferase Activity
GO:0102567	3	Hydrolases, Phosphatases & Nucleic-Acid-Acting Enzymes
GO:0102568	3	Hydrolases, Phosphatases & Nucleic-Acid-Acting Enzymes
GO:0103026	3	Hydrolases, Phosphatases & Nucleic-Acid-Acting Enzymes
GO:0103045	1	Acyl/Acetyl/Methyltransferase Activity
GO:0106026	3	Hydrolases, Phosphatases & Nucleic-Acid-Acting Enzymes
GO:0106029	3	Hydrolases, Phosphatases & Nucleic-Acid-Acting Enzymes
GO:0106050	4	Kinases & Transferases
GO:0106153	2	DNA/RNA Binding & Polymerase Activity
GO:0106222	2	DNA/RNA Binding & Polymerase Activity
GO:0106245	4	Kinases & Transferases
GO:0106306	3	Hydrolases, Phosphatases & Nucleic-Acid-Acting Enzymes
GO:0106307	3	Hydrolases, Phosphatases & Nucleic-Acid-Acting Enzymes
GO:0106310	4	Kinases & Transferases
GO:0106311	4	Kinases & Transferases
GO:0106388	4	Kinases & Transferases
GO:0120013	6	Transporter & Channel Activity
GO:0140078	3	Hydrolases, Phosphatases & Nucleic-Acid-Acting Enzymes
GO:0140312	0	Transcription Regulator & Modulator Activity
GO:0140326	6	Transporter & Channel Activity
GO:0140345	6	Transporter & Channel Activity
GO:0140359	6	Transporter & Channel Activity
GO:0140657	0	Transcription Regulator & Modulator Activity
GO:0140658	3	Hydrolases, Phosphatases & Nucleic-Acid-Acting Enzymes
GO:0140662	0	Transcription Regulator & Modulator Activity
GO:0140663	0	Transcription Regulator & Modulator Activity
GO:0140664	3	Hydrolases, Phosphatases & Nucleic-Acid-Acting Enzymes
GO:1902387	2	DNA/RNA Binding & Polymerase Activity
GO:1902388	6	Transporter & Channel Activity
GO:1904047	2	DNA/RNA Binding & Polymerase Activity
GO:1905394	2	DNA/RNA Binding & Polymerase Activity
GO:1990050	6	Transporter & Channel Activity
GO:1990189	1	Acyl/Acetyl/Methyltransferase Activity
GO:1990190	1	Acyl/Acetyl/Methyltransferase Activity
GO:1990247	0	Transcription Regulator & Modulator Activity
GO:1990259	1	Acyl/Acetyl/Methyltransferase Activity
GO:1990275	2	DNA/RNA Binding & Polymerase Activity
GO:1990380	3	Hydrolases, Phosphatases & Nucleic-Acid-Acting Enzymes
GO:1990381	2	DNA/RNA Binding & Polymerase Activity
GO:1990583	0	Transcription Regulator & Modulator Activity
GO:1990757	0	Transcription Regulator & Modulator Activity
GO:1990817	4	Kinases & Transferases
GO:1990825	2	DNA/RNA Binding & Polymerase Activity
GO:1990883	1	Acyl/Acetyl/Methyltransferase Activity
GO:1990939	0	Transcription Regulator & Modulator Activity
GO:2001070	2	DNA/RNA Binding & Polymerase Activity
GO:0000268	2	DNA/RNA Binding & Polymerase Activity
GO:0001098	2	DNA/RNA Binding & Polymerase Activity
GO:0001099	2	DNA/RNA Binding & Polymerase Activity
GO:0001653	0	Transcription Regulator & Modulator Activity
GO:0003978	5	Oxidoreductase, Synthase & Ligase Activity
GO:0004112	3	Hydrolases, Phosphatases & Nucleic-Acid-Acting Enzymes
GO:0004549	3	Hydrolases, Phosphatases & Nucleic-Acid-Acting Enzymes
GO:0004805	3	Hydrolases, Phosphatases & Nucleic-Acid-Acting Enzymes
GO:0004857	0	Transcription Regulator & Modulator Activity
GO:0005102	2	DNA/RNA Binding & Polymerase Activity
GO:0005216	6	Transporter & Channel Activity
GO:0005225	6	Transporter & Channel Activity
GO:0005229	6	Transporter & Channel Activity
GO:0005244	6	Transporter & Channel Activity
GO:0005261	6	Transporter & Channel Activity
GO:0008174	4	Kinases & Transferases
GO:0008194	4	Kinases & Transferases
GO:0008238	3	Hydrolases, Phosphatases & Nucleic-Acid-Acting Enzymes
GO:0008417	4	Kinases & Transferases
GO:0008509	6	Transporter & Channel Activity
GO:0009975	5	Oxidoreductase, Synthase & Ligase Activity
GO:0015075	6	Transporter & Channel Activity
GO:0015081	6	Transporter & Channel Activity
GO:0015101	6	Transporter & Channel Activity
GO:0015103	6	Transporter & Channel Activity
GO:0015108	6	Transporter & Channel Activity
GO:0015205	6	Transporter & Channel Activity
GO:0015215	6	Transporter & Channel Activity
GO:0015252	6	Transporter & Channel Activity
GO:0015291	6	Transporter & Channel Activity
GO:0015399	6	Transporter & Channel Activity
GO:0015453	6	Transporter & Channel Activity
GO:0015605	6	Transporter & Channel Activity
GO:0015645	5	Oxidoreductase, Synthase & Ligase Activity
GO:0015924	3	Hydrolases, Phosphatases & Nucleic-Acid-Acting Enzymes
GO:0015932	6	Transporter & Channel Activity
GO:0016278	4	Kinases & Transferases
GO:0016289	3	Hydrolases, Phosphatases & Nucleic-Acid-Acting Enzymes
GO:0016405	5	Oxidoreductase, Synthase & Ligase Activity
GO:0016412	1	Acyl/Acetyl/Methyltransferase Activity
GO:0016417	1	Acyl/Acetyl/Methyltransferase Activity
GO:0016530	0	Transcription Regulator & Modulator Activity
GO:0016628	5	Oxidoreductase, Synthase & Ligase Activity
GO:0016645	5	Oxidoreductase, Synthase & Ligase Activity
GO:0016667	5	Oxidoreductase, Synthase & Ligase Activity
GO:0016670	5	Oxidoreductase, Synthase & Ligase Activity
GO:0016675	5	Oxidoreductase, Synthase & Ligase Activity
GO:0016684	5	Oxidoreductase, Synthase & Ligase Activity
GO:0016701	5	Oxidoreductase, Synthase & Ligase Activity
GO:0016730	5	Oxidoreductase, Synthase & Ligase Activity
GO:0016755	1	Acyl/Acetyl/Methyltransferase Activity
GO:0016790	3	Hydrolases, Phosphatases & Nucleic-Acid-Acting Enzymes
GO:0016796	3	Hydrolases, Phosphatases & Nucleic-Acid-Acting Enzymes
GO:0016830	5	Oxidoreductase, Synthase & Ligase Activity
GO:0016835	5	Oxidoreductase, Synthase & Ligase Activity
GO:0016854	5	Oxidoreductase, Synthase & Ligase Activity
GO:0016859	5	Oxidoreductase, Synthase & Ligase Activity
GO:0016860	5	Oxidoreductase, Synthase & Ligase Activity
GO:0016862	5	Oxidoreductase, Synthase & Ligase Activity
GO:0016864	5	Oxidoreductase, Synthase & Ligase Activity
GO:0016875	5	Oxidoreductase, Synthase & Ligase Activity
GO:0016877	5	Oxidoreductase, Synthase & Ligase Activity
GO:0016878	5	Oxidoreductase, Synthase & Ligase Activity
GO:0016893	3	Hydrolases, Phosphatases & Nucleic-Acid-Acting Enzymes
GO:0016894	3	Hydrolases, Phosphatases & Nucleic-Acid-Acting Enzymes
GO:0016896	3	Hydrolases, Phosphatases & Nucleic-Acid-Acting Enzymes
GO:0017171	3	Hydrolases, Phosphatases & Nucleic-Acid-Acting Enzymes
GO:0019203	3	Hydrolases, Phosphatases & Nucleic-Acid-Acting Enzymes
GO:0019207	0	Transcription Regulator & Modulator Activity
GO:0019208	0	Transcription Regulator & Modulator Activity
GO:0019212	0	Transcription Regulator & Modulator Activity
GO:0019707	1	Acyl/Acetyl/Methyltransferase Activity
GO:0019783	3	Hydrolases, Phosphatases & Nucleic-Acid-Acting Enzymes
GO:0019842	2	DNA/RNA Binding & Polymerase Activity
GO:0022803	6	Transporter & Channel Activity
GO:0022804	6	Transporter & Channel Activity
GO:0022832	6	Transporter & Channel Activity
GO:0022834	6	Transporter & Channel Activity
GO:0022836	6	Transporter & Channel Activity
GO:0022839	6	Transporter & Channel Activity
GO:0022843	6	Transporter & Channel Activity
GO:0022853	6	Transporter & Channel Activity
GO:0022884	6	Transporter & Channel Activity
GO:0022890	6	Transporter & Channel Activity
GO:0030545	0	Transcription Regulator & Modulator Activity
GO:0030546	0	Transcription Regulator & Modulator Activity
GO:0032553	2	DNA/RNA Binding & Polymerase Activity
GO:0032555	2	DNA/RNA Binding & Polymerase Activity
GO:0032561	2	DNA/RNA Binding & Polymerase Activity
GO:0033550	3	Hydrolases, Phosphatases & Nucleic-Acid-Acting Enzymes
GO:0033749	5	Oxidoreductase, Synthase & Ligase Activity
GO:0034061	4	Kinases & Transferases
GO:0034062	4	Kinases & Transferases
GO:0034212	1	Acyl/Acetyl/Methyltransferase Activity
GO:0035639	2	DNA/RNA Binding & Polymerase Activity
GO:0036094	2	DNA/RNA Binding & Polymerase Activity
GO:0038024	0	Transcription Regulator & Modulator Activity
GO:0042277	2	DNA/RNA Binding & Polymerase Activity
GO:0043168	2	DNA/RNA Binding & Polymerase Activity
GO:0043178	2	DNA/RNA Binding & Polymerase Activity
GO:0044620	2	DNA/RNA Binding & Polymerase Activity
GO:0044769	6	Transporter & Channel Activity
GO:0045158	0	Transcription Regulator & Modulator Activity
GO:0046527	4	Kinases & Transferases
GO:0046906	2	DNA/RNA Binding & Polymerase Activity
GO:0048018	2	DNA/RNA Binding & Polymerase Activity
GO:0048038	2	DNA/RNA Binding & Polymerase Activity
GO:0050145	4	Kinases & Transferases
GO:0050825	2	DNA/RNA Binding & Polymerase Activity
GO:0051119	6	Transporter & Channel Activity
GO:0051192	2	DNA/RNA Binding & Polymerase Activity
GO:0051540	2	DNA/RNA Binding & Polymerase Activity
GO:0052689	3	Hydrolases, Phosphatases & Nucleic-Acid-Acting Enzymes
GO:0060589	0	Transcription Regulator & Modulator Activity
GO:0061134	0	Transcription Regulator & Modulator Activity
GO:0061135	0	Transcription Regulator & Modulator Activity
GO:0061659	1	Acyl/Acetyl/Methyltransferase Activity
GO:0062105	4	Kinases & Transferases
GO:0070001	3	Hydrolases, Phosphatases & Nucleic-Acid-Acting Enzymes
GO:0070012	3	Hydrolases, Phosphatases & Nucleic-Acid-Acting Enzymes
GO:0070279	2	DNA/RNA Binding & Polymerase Activity
GO:0070566	4	Kinases & Transferases
GO:0070739	1	Acyl/Acetyl/Methyltransferase Activity
GO:0070818	5	Oxidoreductase, Synthase & Ligase Activity
GO:0072320	6	Transporter & Channel Activity
GO:0072349	6	Transporter & Channel Activity
GO:0090079	2	DNA/RNA Binding & Polymerase Activity
GO:0097159	2	DNA/RNA Binding & Polymerase Activity
GO:0097747	4	Kinases & Transferases
GO:0098599	3	Hydrolases, Phosphatases & Nucleic-Acid-Acting Enzymes
GO:0098847	2	DNA/RNA Binding & Polymerase Activity
GO:0099094	6	Transporter & Channel Activity
GO:0099095	6	Transporter & Channel Activity
GO:0120014	6	Transporter & Channel Activity
GO:0140030	2	DNA/RNA Binding & Polymerase Activity
GO:0140096	1	Acyl/Acetyl/Methyltransferase Activity
GO:0140097	3	Hydrolases, Phosphatases & Nucleic-Acid-Acting Enzymes
GO:0140098	3	Hydrolases, Phosphatases & Nucleic-Acid-Acting Enzymes
GO:0140101	3	Hydrolases, Phosphatases & Nucleic-Acid-Acting Enzymes
GO:0140223	0	Transcription Regulator & Modulator Activity
GO:0140296	2	DNA/RNA Binding & Polymerase Activity
GO:0140299	0	Transcription Regulator & Modulator Activity
GO:0140318	6	Transporter & Channel Activity
GO:0140414	0	Transcription Regulator & Modulator Activity
GO:0140457	1	Acyl/Acetyl/Methyltransferase Activity
GO:0140612	0	Transcription Regulator & Modulator Activity
GO:0140640	3	Hydrolases, Phosphatases & Nucleic-Acid-Acting Enzymes
GO:0140677	0	Transcription Regulator & Modulator Activity
GO:0140678	0	Transcription Regulator & Modulator Activity
GO:0140824	5	Oxidoreductase, Synthase & Ligase Activity
GO:0140993	1	Acyl/Acetyl/Methyltransferase Activity
GO:0141058	1	Acyl/Acetyl/Methyltransferase Activity
GO:0141147	6	Transporter & Channel Activity
GO:0180030	4	Kinases & Transferases
GO:1901265	2	DNA/RNA Binding & Polymerase Activity
GO:1901363	2	DNA/RNA Binding & Polymerase Activity
GO:1901505	6	Transporter & Channel Activity
GO:1901682	6	Transporter & Channel Activity
GO:1901981	2	DNA/RNA Binding & Polymerase Activity
GO:1902936	2	DNA/RNA Binding & Polymerase Activity
GO:1990837	2	DNA/RNA Binding & Polymerase Activity
